{
  "_generated": "Generated by SweetTooth, do not edit",
  "description": "Adds a Disconnect option for Wifi in status menu, when a network is connected. Shows a Reconnect option, after network is disconnected.",
  "name": "Disconnect Wifi",
  "original-author": "GopI",
  "shell-version": [
    "46"
   ],
  "url": "https://github.com/kgshank/gse-disconnect-wifi",
  "uuid": "disconnect-wifi@kgshank.net",
  "version": 31,
  "gettext-domain": "disconnect-wifi",
  "settings-schema": "org.gnome.shell.extensions.disconnect-wifi"
}